{"cameraMode":{"drawMode":0,"name":"Shaded","section":"Shading Mode"},"sceneLighting":false,"audioPlay":false,"sceneViewState":{"showFog":true,"showMaterialUpdate":false,"showSkybox":true,"showFlares":true,"showImageEffects":true,"showParticleSystems":true},"in2DMode":false,"pivot":{"x":-1.4840245246887208,"y":1.5043843984603882,"z":3.7237277030944826},"rotation":{"x":0.23505090177059174,"y":0.11920125782489777,"z":-0.02905520424246788,"w":0.9642271995544434},"size":2.9660279750823976,"orthographic":false}