{"cameraMode":{"drawMode":0,"name":"Shaded","section":"Shading Mode"},"sceneLighting":false,"audioPlay":false,"sceneViewState":{"showFog":true,"showMaterialUpdate":false,"showSkybox":false,"showFlares":true,"showImageEffects":true,"showParticleSystems":true},"in2DMode":false,"pivot":{"x":-2.1600000858306886,"y":11.198384284973145,"z":-16.290416717529298},"rotation":{"x":0.2148161083459854,"y":0.03075854666531086,"z":-0.006768561899662018,"w":0.976169764995575},"size":10.0,"orthographic":false}