{"cameraMode":{"drawMode":0,"name":"Shaded","section":"Shading Mode"},"sceneLighting":false,"audioPlay":false,"sceneViewState":{"showFog":true,"showMaterialUpdate":false,"showSkybox":false,"showFlares":true,"showImageEffects":true,"showParticleSystems":true},"in2DMode":false,"pivot":{"x":0.10615473985671997,"y":-0.0964365005493164,"z":0.12826420366764069},"rotation":{"x":0.2724827229976654,"y":-0.6437811255455017,"z":0.2639656364917755,"w":0.6645870208740234},"size":1.7320537567138672,"orthographic":false}