{"cameraMode":{"drawMode":0,"name":"Shaded","section":"Shading Mode"},"sceneLighting":false,"audioPlay":false,"sceneViewState":{"showFog":true,"showMaterialUpdate":false,"showSkybox":false,"showFlares":true,"showImageEffects":true,"showParticleSystems":true},"in2DMode":false,"pivot":{"x":0.7295839786529541,"y":0.7404091358184815,"z":0.022230327129364015},"rotation":{"x":0.2157706916332245,"y":0.5621331930160523,"z":-0.15485060214996339,"w":0.7832571864128113},"size":1.2124384641647339,"orthographic":false}