{"cameraMode":{"drawMode":0,"name":"Shaded","section":"Shading Mode"},"sceneLighting":false,"audioPlay":false,"sceneViewState":{"showFog":true,"showMaterialUpdate":false,"showSkybox":false,"showFlares":true,"showImageEffects":true,"showParticleSystems":true},"in2DMode":false,"pivot":{"x":327.94622802734377,"y":221.11279296875,"z":-14.457496643066407},"rotation":{"x":0.032097794115543368,"y":0.01798919215798378,"z":-0.0005717279855161905,"w":0.999346911907196},"size":323.2218017578125,"orthographic":true}