{"cameraMode":{"drawMode":0,"name":"Shaded","section":"Shading Mode"},"sceneLighting":false,"audioPlay":false,"sceneViewState":{"showFog":true,"showMaterialUpdate":false,"showSkybox":false,"showFlares":true,"showImageEffects":true,"showParticleSystems":true},"in2DMode":false,"pivot":{"x":1.082985281944275,"y":1.7216715812683106,"z":1.0892105102539063},"rotation":{"x":0.29165008664131167,"y":0.03156551718711853,"z":-0.009611650370061398,"w":0.9559847712516785},"size":3.900017023086548,"orthographic":false}