{"cameraMode":{"drawMode":0,"name":"Shaded","section":"Shading Mode"},"sceneLighting":false,"audioPlay":false,"sceneViewState":{"showFog":true,"showMaterialUpdate":false,"showSkybox":false,"showFlares":true,"showImageEffects":true,"showParticleSystems":true},"in2DMode":false,"pivot":{"x":0.12441414594650269,"y":0.17425072193145753,"z":0.4714924395084381},"rotation":{"x":0.29852524399757388,"y":-0.2604250907897949,"z":0.08504531532526016,"w":0.9142659902572632},"size":0.5732383728027344,"orthographic":false}