{"cameraMode":{"drawMode":0,"name":"Shaded","section":"Shading Mode"},"sceneLighting":false,"audioPlay":false,"sceneViewState":{"showFog":true,"showMaterialUpdate":false,"showSkybox":false,"showFlares":true,"showImageEffects":true,"showParticleSystems":true},"in2DMode":false,"pivot":{"x":0.0,"y":0.33298543095588686,"z":0.37358513474464419},"rotation":{"x":0.21663013100624085,"y":0.5344200730323792,"z":-0.14393852651119233,"w":0.804240345954895},"size":2.6732382774353029,"orthographic":false}