{"cameraMode":{"drawMode":0,"name":"Shaded","section":"Shading Mode"},"sceneLighting":false,"audioPlay":false,"sceneViewState":{"showFog":true,"showMaterialUpdate":false,"showSkybox":false,"showFlares":true,"showImageEffects":true,"showParticleSystems":true},"in2DMode":false,"pivot":{"x":0.03385188430547714,"y":0.9830578565597534,"z":0.07902085781097412},"rotation":{"x":-0.009825211949646473,"y":0.9407899379730225,"z":-0.027395691722631456,"w":-0.33777716755867007},"size":0.7863461971282959,"orthographic":true}