{"cameraMode":{"drawMode":0,"name":"Shaded","section":"Shading Mode"},"sceneLighting":false,"audioPlay":false,"sceneViewState":{"showFog":true,"showMaterialUpdate":false,"showSkybox":false,"showFlares":true,"showImageEffects":true,"showParticleSystems":true},"in2DMode":false,"pivot":{"x":-21.586891174316408,"y":407.8736267089844,"z":8.027549743652344},"rotation":{"x":0.032097794115543368,"y":0.01798919215798378,"z":-0.0005717279855161905,"w":0.999346911907196},"size":123.4761962890625,"orthographic":true}