{"cameraMode":{"drawMode":0,"name":"Shaded","section":"Shading Mode"},"sceneLighting":false,"audioPlay":false,"sceneViewState":{"showFog":true,"showMaterialUpdate":false,"showSkybox":true,"showFlares":true,"showImageEffects":true,"showParticleSystems":true},"in2DMode":false,"pivot":{"x":0.16503721475601197,"y":0.5717813968658447,"z":-0.1871439814567566},"rotation":{"x":0.05408057942986488,"y":0.9435585141181946,"z":-0.1940271556377411,"w":0.2629648745059967},"size":1.5397298336029053,"orthographic":false}