{"cameraMode":{"drawMode":0,"name":"Shaded","section":"Shading Mode"},"sceneLighting":false,"audioPlay":false,"sceneViewState":{"showFog":true,"showMaterialUpdate":false,"showSkybox":true,"showFlares":true,"showImageEffects":true,"showParticleSystems":true},"in2DMode":false,"pivot":{"x":2.524533748626709,"y":1.1855392456054688,"z":5.380975723266602},"rotation":{"x":0.33002567291259768,"y":-0.038194041699171069,"z":0.01344485953450203,"w":0.9431408047676086},"size":6.430782794952393,"orthographic":false}