{"cameraMode":{"drawMode":0,"name":"Shaded","section":"Shading Mode"},"sceneLighting":false,"audioPlay":false,"sceneViewState":{"showFog":true,"showMaterialUpdate":false,"showSkybox":true,"showFlares":true,"showImageEffects":true,"showParticleSystems":true},"in2DMode":false,"pivot":{"x":1.4871922731399537,"y":1.580998420715332,"z":8.131179809570313},"rotation":{"x":0.36109212040901186,"y":0.3829830288887024,"z":-0.16581328213214875,"w":0.8339640498161316},"size":8.945619583129883,"orthographic":false}