{"cameraMode":{"drawMode":0,"name":"Shaded","section":"Shading Mode"},"sceneLighting":false,"audioPlay":false,"sceneViewState":{"showFog":true,"showMaterialUpdate":false,"showSkybox":false,"showFlares":true,"showImageEffects":true,"showParticleSystems":true},"in2DMode":false,"pivot":{"x":-0.3457481265068054,"y":0.5969158411026001,"z":-0.1530245542526245},"rotation":{"x":0.06665191799402237,"y":0.6980963945388794,"z":-0.0655360147356987,"w":0.7099142074584961},"size":2.676015615463257,"orthographic":false}