{"cameraMode":{"drawMode":0,"name":"Shaded","section":"Shading Mode"},"sceneLighting":false,"audioPlay":false,"sceneViewState":{"showFog":true,"showMaterialUpdate":false,"showSkybox":false,"showFlares":true,"showImageEffects":true,"showParticleSystems":true},"in2DMode":false,"pivot":{"x":0.0,"y":0.33298543095588686,"z":0.37358513474464419},"rotation":{"x":0.09674221277236939,"y":-0.0038901343941688539,"z":-0.00034165370743721724,"w":-0.9953323602676392},"size":0.5732507109642029,"orthographic":false}