{"cameraMode":{"drawMode":0,"name":"Shaded","section":"Shading Mode"},"sceneLighting":false,"audioPlay":false,"sceneViewState":{"showFog":true,"showMaterialUpdate":false,"showSkybox":false,"showFlares":true,"showImageEffects":true,"showParticleSystems":true},"in2DMode":false,"pivot":{"x":-4.570533752441406,"y":-2.3883285522460939,"z":8.318465232849121},"rotation":{"x":0.4069320261478424,"y":0.010990955866873265,"z":-0.0048152548260986809,"w":0.9134182929992676},"size":10.0,"orthographic":false}