{"cameraMode":{"drawMode":0,"name":"Shaded","section":"Shading Mode"},"sceneLighting":false,"audioPlay":false,"sceneViewState":{"showFog":true,"showMaterialUpdate":false,"showSkybox":true,"showFlares":true,"showImageEffects":true,"showParticleSystems":true},"in2DMode":false,"pivot":{"x":-5.072244167327881,"y":0.24621258676052094,"z":1.982936978340149},"rotation":{"x":0.3888046443462372,"y":-0.3642016351222992,"z":0.17084652185440064,"w":0.8288708925247192},"size":4.3813910484313969,"orthographic":true}