{"cameraMode":{"drawMode":0,"name":"Shaded","section":"Shading Mode"},"sceneLighting":false,"audioPlay":false,"sceneViewState":{"showFog":true,"showMaterialUpdate":false,"showSkybox":false,"showFlares":true,"showImageEffects":true,"showParticleSystems":true},"in2DMode":false,"pivot":{"x":0.21734604239463807,"y":0.7914662957191467,"z":0.0007467642426490784},"rotation":{"x":0.13523855805397035,"y":0.6894432902336121,"z":-0.133386492729187,"w":0.699022114276886},"size":3.534191608428955,"orthographic":false}