{"cameraMode":{"drawMode":0,"name":"Shaded","section":"Shading Mode"},"sceneLighting":false,"audioPlay":false,"sceneViewState":{"showFog":true,"showMaterialUpdate":false,"showSkybox":false,"showFlares":true,"showImageEffects":true,"showParticleSystems":true},"in2DMode":false,"pivot":{"x":0.203191876411438,"y":0.5383748412132263,"z":0.1268298625946045},"rotation":{"x":0.05007683485746384,"y":0.02097008004784584,"z":-0.0010455154115334154,"w":0.9985377192497253},"size":1.344915509223938,"orthographic":true}