{"cameraMode":{"drawMode":0,"name":"Shaded","section":"Shading Mode"},"sceneLighting":false,"audioPlay":false,"sceneViewState":{"showFog":true,"showMaterialUpdate":false,"showSkybox":false,"showFlares":true,"showImageEffects":true,"showParticleSystems":true},"in2DMode":false,"pivot":{"x":-4.39903450012207,"y":0.8616796135902405,"z":4.927341461181641},"rotation":{"x":0.007680939044803381,"y":0.9544069170951843,"z":-0.297438383102417,"w":0.024626126512885095},"size":1.234578013420105,"orthographic":true}