{"cameraMode":{"drawMode":0,"name":"Shaded","section":"Shading Mode"},"sceneLighting":false,"audioPlay":false,"sceneViewState":{"showFog":true,"showMaterialUpdate":false,"showSkybox":true,"showFlares":true,"showImageEffects":true,"showParticleSystems":true},"in2DMode":false,"pivot":{"x":0.0,"y":1.8178963661193848,"z":5.409999847412109},"rotation":{"x":0.2148161083459854,"y":0.03075854666531086,"z":-0.006768561899662018,"w":0.976169764995575},"size":3.9317078590393068,"orthographic":false}