{"cameraMode":{"drawMode":0,"name":"Shaded","section":"Shading Mode"},"sceneLighting":false,"audioPlay":false,"sceneViewState":{"showFog":true,"showMaterialUpdate":false,"showSkybox":false,"showFlares":true,"showImageEffects":true,"showParticleSystems":true},"in2DMode":false,"pivot":{"x":0.32330185174942019,"y":-0.23777148127555848,"z":-0.5886451005935669},"rotation":{"x":0.007680939044803381,"y":0.9544069170951843,"z":-0.297438383102417,"w":0.024626126512885095},"size":1.011153221130371,"orthographic":true}