{"cameraMode":{"drawMode":0,"name":"Shaded","section":"Shading Mode"},"sceneLighting":false,"audioPlay":false,"sceneViewState":{"showFog":true,"showMaterialUpdate":false,"showSkybox":true,"showFlares":true,"showImageEffects":true,"showParticleSystems":true},"in2DMode":false,"pivot":{"x":3.4452133178710939,"y":-8.739093780517579,"z":9.51593017578125},"rotation":{"x":0.3858138918876648,"y":0.16065065562725068,"z":-0.06840281933546066,"w":0.9059344530105591},"size":21.791881561279298,"orthographic":false}