{"cameraMode":{"drawMode":0,"name":"Shaded","section":"Shading Mode"},"sceneLighting":false,"audioPlay":false,"sceneViewState":{"showFog":true,"showMaterialUpdate":false,"showSkybox":false,"showFlares":true,"showImageEffects":true,"showParticleSystems":true},"in2DMode":false,"pivot":{"x":0.04193645715713501,"y":-0.03329405188560486,"z":-0.034347712993621829},"rotation":{"x":0.35425564646720889,"y":-0.0013991054147481919,"z":0.0005419000517576933,"w":0.9351760149002075},"size":1.0833470821380616,"orthographic":false}