{"cameraMode":{"drawMode":0,"name":"Shaded","section":"Shading Mode"},"sceneLighting":false,"audioPlay":false,"sceneViewState":{"showFog":true,"showMaterialUpdate":false,"showSkybox":false,"showFlares":true,"showImageEffects":true,"showParticleSystems":true},"in2DMode":false,"pivot":{"x":-5.133520126342773,"y":1.6858956813812256,"z":5.210428714752197},"rotation":{"x":-0.03385147824883461,"y":0.9552205801010132,"z":-0.26808249950408938,"w":-0.12071601301431656},"size":0.7066014409065247,"orthographic":true}