{"cameraMode":{"drawMode":0,"name":"Shaded","section":"Shading Mode"},"sceneLighting":false,"audioPlay":false,"sceneViewState":{"showFog":true,"showMaterialUpdate":false,"showSkybox":true,"showFlares":true,"showImageEffects":true,"showParticleSystems":true},"in2DMode":false,"pivot":{"x":-19.886526107788087,"y":2.869603157043457,"z":-13.132960319519043},"rotation":{"x":0.2885393798351288,"y":0.26543229818344118,"z":-0.08358782529830933,"w":0.9161602258682251},"size":1.8184618949890137,"orthographic":false}