{"cameraMode":{"drawMode":0,"name":"Shaded","section":"Shading Mode"},"sceneLighting":false,"audioPlay":false,"sceneViewState":{"showFog":true,"showMaterialUpdate":false,"showSkybox":true,"showFlares":true,"showImageEffects":true,"showParticleSystems":true},"in2DMode":false,"pivot":{"x":-4.778535842895508,"y":3.465953826904297,"z":-5.896933078765869},"rotation":{"x":0.4605207145214081,"y":-0.161561518907547,"z":0.08565697073936463,"w":0.8686094880104065},"size":15.222208976745606,"orthographic":false}