{"cameraMode":{"drawMode":0,"name":"Shaded","section":"Shading Mode"},"sceneLighting":false,"audioPlay":false,"sceneViewState":{"showFog":true,"showMaterialUpdate":false,"showSkybox":false,"showFlares":true,"showImageEffects":true,"showParticleSystems":true},"in2DMode":false,"pivot":{"x":-9.77874755859375,"y":0.7967547178268433,"z":14.998976707458496},"rotation":{"x":-0.023749779909849168,"y":0.906440258026123,"z":-0.418578177690506,"w":-0.05145815387368202},"size":0.8341920375823975,"orthographic":false}